[{
"path":"/company", 
"method":"get", 
"action":"companyMaster.showCompanies",
"globalMiddlewares":[],
"middlewares":[],
"pathFromRoot":false
},
{
"path":"/company", 
"method":"post", 
"action":"companyMaster.createCompany",
"globalMiddlewares":[],
"middlewares":[],
"pathFromRoot":false 
},
{
"path":"/company/:id", 
"method":"put", 
"action":"companyMaster.updateCompanyById",
"globalMiddlewares":[],
"middlewares":[],
"pathFromRoot":false
},
{
"path":"/company/:id", 
"method":"delete", 
"action":"companyMaster.deleteCompanyById",
"globalMiddlewares":[],
"middlewares":[],
"pathFromRoot":false
},
{
"path":"/company/:id", 
"method":"get", 
"action":"companyMaster.showCompanyById",
"globalMiddlewares":[],
"middlewares":[],
"pathFromRoot":false
}

]