[{
"path":"/department", 
"method":"post", 
"action":"departmentMaster.createDepartment",
"globalMiddlewares":[],
"middlewares":[],
"pathFromRoot":false
},
{
"path":"/department", 
"method":"get", 
"action":"departmentMaster.getDepartment",
"globalMiddlewares":[],
"middlewares":[],
"pathFromRoot":false
},
{
"path":"/department/:id", 
"method":"put", 
"action":"departmentMaster.updateDepartmentById",
"globalMiddlewares":[],
"middlewares":[],
"pathFromRoot":false
},
{
"path":"/department/:id", 
"method":"delete", 
"action":"departmentMaster.deleteDepartmentById",
"globalMiddlewares":[],
"middlewares":[],
"pathFromRoot":false
},
{
"path":"/department/:id", 
"method":"get", 
"action":"departmentMaster.getDepartmentById",
"globalMiddlewares":[],
"middlewares":[],
"pathFromRoot":false   
}]