[
    {
        "path":"/listBloodGroups", 
        "method":"get", 
        "action":"bloodGroupMaster.listBloodGroup",
        "globalMiddlewares":[],
        "middlewares":[],
        "pathFromRoot":false
    },
    {
        "path":"/bloodGroup", 
        "method":"post", 
        "action":"bloodGroupMaster.createBloodGroup",
        "globalMiddlewares":[],
        "middlewares":[],
        "pathFromRoot":false
    },
    {
        "path":"/updateBloodGroup/:id", 
        "method":"put", 
        "action":"bloodGroupMaster.changeBloodGroupById",
        "globalMiddlewares":[],
        "middlewares":[],
        "pathFromRoot":false
    },
    {
        "path":"/deleteBloodGroup/:id", 
        "method":"delete", 
        "action":"bloodGroupMaster.deleteBloodGroupById",
        "globalMiddlewares":[],
        "middlewares":[],
        "pathFromRoot":false
    },
    {
        "path":"/getBloodGroup/:id", 
        "method":"get", 
        "action":"bloodGroupMaster.findBloodGrpById",
        "globalMiddlewares":[],
        "middlewares":[],
        "pathFromRoot":false
    }
]