[
    {
        "path":"/listEducationTypes", 
        "method":"get", 
        "action":"educationTypeMaster.listEducationType",
        "globalMiddlewares":[],
        "middlewares":[],
        "pathFromRoot":false
    },
    {
        "path":"/educationType", 
        "method":"post", 
        "action":"educationTypeMaster.createEducationType",
        "globalMiddlewares":[],
        "middlewares":[],
        "pathFromRoot":false
    },
    {
        "path":"/updateEducationType/:id", 
        "method":"put", 
        "action":"educationTypeMaster.changeEducationTypeById",
        "globalMiddlewares":[],
        "middlewares":[],
        "pathFromRoot":false
    },
    {
        "path":"/deleteEducationType/:id", 
        "method":"delete", 
        "action":"educationTypeMaster.deleteEducationTypeById",
        "globalMiddlewares":[],
        "middlewares":[],
        "pathFromRoot":false
    },
    {
        "path":"/getEducationType/:id", 
        "method":"get", 
        "action":"educationTypeMaster.findEducationTypeById",
        "globalMiddlewares":[],
        "middlewares":[],
        "pathFromRoot":false
    }
]