[{
"path":"/designation", 
"method":"post", 
"action":"designationMaster.createDesignation",
"globalMiddlewares":[],
"middlewares":[],
"pathFromRoot":false
},
{
"path":"/designation", 
"method":"get", 
"action":"designationMaster.getAllDesignation",
"globalMiddlewares":[],
"middlewares":[],
"pathFromRoot":false
},
{
"path":"/designation/:id", 
"method":"put", 
"action":"designationMaster.updateDesignationById",
"globalMiddlewares":[],
"middlewares":[],
"pathFromRoot":false
},
{
"path":"/designation/:id", 
"method":"delete", 
"action":"designationMaster.deleteDesignationById",
"globalMiddlewares":[],
"middlewares":[],
"pathFromRoot":false
},
{
"path":"/designation/:id", 
"method":"get", 
"action":"designationMaster.getDesignationById",
"globalMiddlewares":[],
"middlewares":[],
"pathFromRoot":false   
}]